Model,Accuracy,F1 Score
XGBoost,0.773109243697479,0.7756377790303142
Random Forest,0.7703081232492998,0.7736700769971229
Neural Network,0.6918767507002801,0.6947235074539713
Decision Tree,0.6778711484593838,0.6798113354046729
SVM,0.6526610644257703,0.6438576893179206
Logistic Regression,0.5266106442577031,0.5175995163170757
