Model,Accuracy,F1 Score
Random Forest,0.9131652661064426,0.9136656640390058
XGBoost,0.907563025210084,0.9083554046214035
Neural Network,0.8879551820728291,0.8871706354641125
SVM,0.8851540616246498,0.8843673601882609
Decision Tree,0.8179271708683473,0.817761124281902
Logistic Regression,0.7254901960784313,0.7218596813171485
